RegionName,SizeRank,10-Jan,10-Feb,10-Mar,10-Apr,10-May,10-Jun,10-Jul,10-Aug,10-Sep,10-Oct,10-Nov,10-Dec,11-Jan,11-Feb,11-Mar,11-Apr,11-May,11-Jun,11-Jul,11-Aug,11-Sep,11-Oct,11-Nov,11-Dec,12-Jan,12-Feb,12-Mar,12-Apr,12-May,12-Jun,12-Jul,12-Aug,12-Sep,12-Oct,12-Nov,12-Dec,13-Jan,13-Feb,13-Mar,13-Apr,13-May,13-Jun,13-Jul,13-Aug,13-Sep,13-Oct,13-Nov,13-Dec,14-Jan,14-Feb,14-Mar,14-Apr,14-May,14-Jun,14-Jul,14-Aug,14-Sep,14-Oct,14-Nov,14-Dec,15-Jan,15-Feb,15-Mar,15-Apr,15-May,15-Jun,15-Jul,15-Aug,15-Sep,15-Oct,15-Nov,15-Dec,16-Jan,16-Feb,16-Mar,16-Apr,16-May,16-Jun,16-Jul,16-Aug,16-Sep,16-Oct,16-Nov,16-Dec,17-Jan,17-Feb,17-Mar,17-Apr,17-May,17-Jun,17-Jul,17-Aug,17-Sep,17-Oct,17-Nov,17-Dec,18-Jan,18-Feb,18-Mar,18-Apr,18-May,18-Jun,18-Jul,18-Aug,18-Sep,18-Oct,18-Nov,18-Dec,19-Jan,19-Feb,19-Mar
Alabama,23,309900,304360,3.00E+05,3.00E+05,3.00E+05,299900,299000,290725,299000,299000,299000,294900,294940,289900,289900,289900,289000,289000,289000,289000,289000,289000,289900,290000,285900,284900,289000,285000,286000,286000,284900,279900,282900,282823,280000,284900,280000,279900,280000,282000,285000,285000,284900,286865,287999,284900,285000,289000,289375,289900,292700,298200,299000,298900,295000,295000,295000,299000,295900,299000,299900,299900,299900,299900,299900,299900,299684,299900,299900,305900,309900,308896,309900,319900,317500,315900,319900,319900,319900,319900,319900,319900,319900,319900,320000,320000,324900,325000,328050,328170,325000,325000,325000,325960,319000,320000,319900,323515,329000,338250,338900,339000,339900,339000,337000,339900,344900,348052,344900,349900,349799.5
Alaska,47,476500,475000,467250,465000,461550,459000,460000,459000,459900,463000,460000,459900,459700,469900,465000,465000,459000,459000,456500,450000,455000,450000,450000,450000,450000,450000,449999.5,449000,449000,447000,449900,449900,450000,454999,457500,450000,459900,462000,456000,459000,464000,455000,458727.5,459000,460000,458725,459900,465000,460000,464900,469000,467500,465000,455000,449900,456652,464900,467000,467500,474000,485000,496875,489900,485000,479950,479900,485000,489900,496000,499450,499000,499000,499900,494000,489000,489900,489000,489900,489950,489900,495000,496250,499000,5.00E+05,509450,5.00E+05,499900,499000,493950,485000,484900,483450,486000,495000,499000,497000,499000,499000,495000,489000,485000,489000,489850,489500,489000,489000,499000,499000,499000,489000,485000
Arizona,16,379364,375000,375000,374900,369900,359900,359000,350000,349900,344900,344900,341565,339000,339900,339000,339000,335000,329000,325900,324900,325000,325000,325000,325000,329000,335000,339900,339000,340000,347995,345777,349000,349900,350000,356945,359000,355000,359900,364900,369000,374375,372900,375000,370000,375000,379000,379900,384125,385000,389000,388990,389000,388800,385000,385000,384900,385000,389000,390000,392000,395000,399000,399000,399000,399000,399900,399500,399000,399900,409000,417000,419000,419000,425000,425000,425000,429000,425000,429000,425000,429000,430501,435000,439000,439900,443000,439999,447000,449000,449000,445000,442990,449000,449500,449900,453500,459900,459900,466056,469500,469000,469000,464900,468900,469900,474935,476064,479000,485000,489500,485000
Arkansas,32,259900,259900,259900,259900,259900,259900,258000,254900,250000,249900,249900,249900,249900,249820,249500,249000,249000,249500,249900,249000,249000,249000,249000,249900,249000,249500,249000,249900,249900,249900,249900,249900,249995,250000,249900,249900,249000,249000,249000,248500,249000,249000,248000,247600,249000,249850,249900,249900,249900,249900,249900,250000,250000,254900,254900,259900,259900,259000,259900,259900,259900,259900,259500,258000,260000,261000,269000,269900,269900,269900,274900,274900,274900,269500,269500,269900,273912.5,275000,275000,275000,279500,279600,279000,279000,277900,279900,279900,284900,285000,285900,289000,289500,289500,289500,289900,291500,295000,295000,299000,3.00E+05,299900,299900,3.00E+05,299900,301559.5,3.00E+05,305000,305000,307500,305000,306900
California,1,750000,757588.5,750876,758894,759000,764900,757000,750000,742900,729000,724000,699000,699000,699900,699000,699000,699000,699000,695000,684900,675000,669900,659000,650000,650000,665000,665500,685000,695000,699000,699000,699000,699900,718000,719000,699000,699000,733995,749000,769000,796900,789900,795000,775000,777838.5,775000,765000,755990,749900,759000,775000,785000,795000,789829.5,785000,775000,777000,775000,775000,751000,759900,774900,788000,795000,799000,799000,795000,799000,799000,799888,805000,8.00E+05,799999,836265,849000,849825,850000,859000,850000,850000,859000,869000,875000,860000,875000,889900,899000,9.00E+05,899900,910000,909880,899900,925000,928000,929000,919000,9.00E+05,939000,950000,967500,959000,960000,959000,950000,975000,980000,989000,975000,969000,989000,998000
Colorado,22,465000,459500,455000,449900,449900,449500,450000,449900,443000,435000,436000,435000,429900,429775,425000,425000,430000,435000,439000,435000,444900,439500,440000,445000,449000,450000,450000,459000,468985,465000,469000,468250,475000,478000,475000,479706,475000,469900,465500,460000,465900,469900,474900,475000,480000,479900,480000,485000,485700,479105,475000,479000,479900,484900,485000,493790,490000,496900,499000,499992.5,501795,505950,501947.5,519000,519000,525000,529661,529000,529000,539000,545000,548993,549000,565232.5,561824.5,559995,569000,575000,575000,579000,579000,585000,589900,595350,599000,599900,6.00E+05,6.00E+05,6.00E+05,614900,615000,619600,620000,617100,618550,620000,615000,625000,625000,625000,625000,629925,634900,639000,644900,646818,650000,659000,650655,655000,649900
Connecticut,29,575000,579900,575000,569000,569000,574500,569900,559900,549900,549900,550000,549900,559900,559900,560000,559000,549900,539900,539250,529900,534900,529900,539000,529900,519900,529000,516250,519900,519700,505000,499888,499900,499900,5.00E+05,505497.5,509900,525000,544900,529900,529000,525000,525000,515000,499900,499900,5.00E+05,5.00E+05,499900,509950,519900,525000,519000,499900,499000,498000,489900,495000,495000,484900,479900,493950,511600,525000,524900,499900,499900,496700,489900,499000,499900,499900,499900,519900,539900,550000,549900,549900,565800,567602.5,559000,565000,569950,574900,579900,579900,589000,589000,585000,575000,569900,569000,564900,585000,589000,589000,589900,599000,6.00E+05,599900,625000,599000,599000,595000,589000,599000,599000,599900,599900,599999,619900,609402.5
Delaware,45,349900,349825,349900,349900,350000,357900,359000,399000,389900,389000,384900,379900,375000,375000,374900,375000,375000,375000,375000,378970,379900,379000,379900,369900,359990,364925,365000,374900,369000,369900,364990,356900,365000,369900,369990,374990,375900,369990,374945,379000,375000,369250,362700,365000,365900,366370,365000,355000,361170,360000,363995,369900,369990,370000,369900,370000,370000,369900,369900,372500,369900,369000,374437,375000,375500,379000,375000,375000,384990,384900,384900,380768,380000,384900,385000,385000,389000,385000,389000,389900,389000,389900,389990,389900,389900,389900,389900,389990,392990,389900,390000,394900,399000,395000,395000,399000,396900,399900,399900,399900,399700,399900,399900,399900,399900,399900,399990,4.00E+05,4.00E+05,399999,399999
District of Columbia,50,739900,731000,699000,699805.5,699900,699500,699000,699000,693500,719000,719000,699900,699999,699000,699000,719900,719000,699990,699000,685000,689500,699000,689000,685000,715000,750000,749000,739000,730700,725000,698000,689000,699000,725000,724900,739000,725000,725000,7.00E+05,725000,739000,725000,719000,730000,739000,729000,725000,724990,718778.5,724900,729000,735000,749555,749900,749000,719900,739250,735727.5,729000,710000,724950,718500,750000,765000,770000,769999.5,750000,768000,775000,775000,770000,779000,750000,750000,750000,769900,789000,789000,779000,780000,799000,795990,789000,799900,810000,799900,799900,799999,824500,8.00E+05,825000,815000,829000,834900,825000,824900,799900,799700,799900,825000,825000,819999,825000,819975,812450,799999,8.00E+05,825000,825000,825000,832500
Florida,4,396000,390000,389000,385000,384150,379000,379000,375000,369900,368000,364900,359000,354900,359900,350000,350000,350000,349900,349900,349900,350000,357992.5,350000,356900,359000,360000,359900,359000,359000,354000,350000,350256,359900,354900,357700,360000,368000,368080,370000,375000,369000,369000,374422.5,369000,369900,369990,376900,380000,380000,385000,384900,385000,380000,379900,382500,383498.5,384990,385990,389900,397000,395990,399000,390000,395000,399000,399000,399000,399900,399900,405000,415000,423990,425000,435000,435000,439000,435000,439000,435000,432200,439900,449000,450000,454472.5,468078,475000,470000,474700,469999,469900,469000,469138.5,469900,470000,475000,479900,479990,485000,489000,495000,492000,490000,489900,489000,495000,495000,499000,499999,5.00E+05,510000,500900
Georgia,9,339500,330000,334900,334000,329900,329000,329000,325000,325000,324900,320000,319000,310900,314000,3.00E+05,3.00E+05,299900,299900,299900,299500,299000,295000,292900,289900,289900,289900,290000,293900,297000,289900,296990,295000,295000,296178,299000,299000,299000,299000,299900,299999,310000,314000,314377.5,309900,311300,315000,315000,315000,316500,320000,324900,327500,329000,329900,329900,330000,338000,336900,335000,339000,339000,344900,345199.5,348800,349900,349900,350000,350000,349900,349900,350000,350000,354000,359900,361349,370000,374900,371777.5,374900,375000,377240,379900,382997.5,380990,384900,385900,389900,395000,398500,398888,397500,395000,399000,399900,399000,399800,399900,4.00E+05,409900,414000,415000,415000,414999.5,415000,418000,418750,420000,424999,425000,428186,428354
Hawaii,40,850000,870000,845000,859000,879995,895000,899000,899000,899000,895000,899000,9.00E+05,910000,897000,895000,895000,885000,875000,860000,849000,839000,820000,8.00E+05,805000,830000,835000,829000,850000,825000,850000,839900,850000,862650,872000,879700,890000,888000,885000,875000,895000,895000,897000,925000,899900,926500,938000,949000,975000,975000,975000,960000,975000,965000,975000,985000,990000,995000,995000,997000,1.00E+06,1.00E+06,1055000,1.00E+06,1055000,1042500,1070000,1.00E+06,999900,1030000,1015000,1075000,1058000,1099000,1085000,1080000,1095000,1095000,1092944,1099700,1100000,1100000,1100000,1150000,1148000,1198000,1195000,1188800,1188000,1195000,1195000,1199000,1200000,1200000,1199000,1200000,1250000,1249450,1245000,1250000,1250000,1250000,1250000,1258500,1285000,1288000,1275000,1275000,1262450,1275000,1275000,1258750
Idaho,39,319000,314000,315000,315000,309900,3.00E+05,3.00E+05,309700,309000,305775,308760,305000,299900,299900,299650,299000,299000,299900,3.00E+05,3.00E+05,299900,299900,299900,310000,310000,3.00E+05,309925,299950,304900,304810.5,305000,309900,3.00E+05,304095,310670,314500,313600,311750,309900,319000,319000,320650,325000,325000,335000,334900,334600,339900,335000,334900,330000,339000,347950,345000,345000,345000,345995,344900,347500,349000,349000,339999,345000,350000,350000,359900,359900,369761,369900,369900,375000,375000,369900,369900,369900,372900,374900,379000,379000,385000,389900,390500,395000,399000,399000,389900,390000,397998.5,399900,399900,408000,419000,424600,429900,434900,434900,434900,435000,438000,441870,450000,459000,456400,459900,469900,474834.5,477950,485000,491404,495000,489000
Illinois,5,389000,389000,384500,380000,375000,379000,375000,374900,369000,369000,365000,359900,358500,359900,349999,349900,349900,349900,349000,344900,339900,339000,335000,335000,337500,339000,335000,339000,335000,339000,335000,334900,336900,337900,339000,330000,334500,339900,340000,349900,349900,350000,349900,349900,352000,350000,350000,350000,353000,359900,359900,359900,363217.5,369000,365000,364900,369000,369000,367500,365000,365000,374900,376000,379900,385000,388000,385000,380000,384850,385000,384900,385000,388336.5,394900,398500,399000,399000,399800,399000,399000,399000,399900,399900,399900,399999,409900,409990,410000,415000,414900,409000,399900,399900,4.00E+05,405000,4.00E+05,410000,419000,423900,425000,425000,424900,424500,424826.5,425000,425000,425000,425000,428250,434000,434000
Indiana,15,259900,259000,258500,257500,259900,259900,259900,259900,260000,259900,259900,259900,259000,259900,255990,254900,254900,250000,250000,253500,250997.5,249999,250000,250000,250000,249900,249900,250000,250000,249995,252995,254500,254900,255000,255687.5,255000,255887.5,250000,252990,255990,258000,259900,259900,259900,264900,264900,263802,265900,265975,266900,264900,269000,269900,272200,274900,275000,275000,276855,279849,279000,279000,279500,279900,280995,279000,279900,280000,280000,284900,284900,285000,289000,289900,287000,289900,294900,295900,299000,299900,299900,299900,299900,299900,3.00E+05,3.00E+05,304900,3.00E+05,303990,308900,309000,307900,305000,309900,3.00E+05,310000,314900,309900,319900,324900,325000,324990,325000,324900,319900,324900,321360,324990,325000,324900,324990,329900
Iowa,30,249900,249000,249500,249000,249900,246932,249750,249900,249000,249000,245000,245000,244900,242000,239500,239000,239900,239900,239900,239900,239900,239900,239900,240000,239900,240000,240000,244906.5,247500,249900,249900,249900,249900,249900,250000,249950,250000,254900,255000,259000,259900,259900,260000,259997.5,261300,264900,267480,269500,269000,269900,272000,270000,274900,270400,272999.5,274900,274500,274900,275000,275000,275000,279950,282700,282400,281900,284900,285000,284900,288500,289000,289900,289900,289900,292000,290000,290000,289900,290992.5,290000,293900,295000,295000,295900,299000,297680,299000,299000,299900,3.00E+05,299900,3.00E+05,3.00E+05,3.00E+05,301900,304900,306500,309900,309900,315000,311898.5,311000,314900,315000,314500,314000,310000,314900,314950,315000,318500,319110
Kansas,33,264000,260000,259900,259900,259950,259900,259750,255490,255000,254900,255000,254500,252900,254950,250000,254000,255000,254900,251975,250000,250000,250000,250000,250000,249900,249900,249900,250000,250000,249500,245000,243919,245000,244900,245000,244000,239950,240000,245000,249000,249000,250000,252000,253925,250000,250000,249950,250000,252000,257045,259500,259900,259950,259900,259950,259952,260000,260000,264900,264900,267575,265000,275000,280000,287500,285000,285000,282250,287900,289000,295000,299000,299000,295450,295000,298500,298500,295500,296975,298500,299950,299999,3.00E+05,305000,308225,309950,314900,319900,317900,315000,314950,314900,324900,325000,328117.5,333900,335000,339000,334950,338989.5,349000,344950,344600,346795,350000,349900,350000,359500,359003,364950,364970
Kentucky,26,265000,265000,264900,265000,267900,268000,268900,267500,266342.5,264900,264900,263686,259900,259900,259500,259000,259000,259000,257000,255000,253090,254500,250000,250000,250000,250000,250400,255000,250000,250000,250000,250000,249999,249900,250000,249900,249900,249979.5,249900,250000,250000,250000,253445,254900,255975,257000,259900,258955,257844,259000,259900,260000,259900,260000,260000,262500,264900,264100,264900,264900,264900,264900,269000,269900,270000,273000,274800,269999,274500,274900,275000,275000,274925,275000,275000,279900,281995,286900,289500,289900,289000,289900,289900,290000,289900,292400,295000,299900,3.00E+05,304900,3.00E+05,299900,299900,299900,299900,299900,299000,299900,306608.5,309900,310000,310883,309900,309000,309900,313500,314900,315000,314500,315995,319000
Louisiana,25,295000,289900,289000,284000,285000,280000,285000,285000,279000,275000,277900,275000,275000,275000,275000,275000,275000,274900,274900,269900,269900,264174,265000,261750,260000,259000,259000,259450,259900,259900,259900,259900,261950,259900,259900,260000,264900,265525,268000,269500,269000,269900,269000,269000,269000,266000,268650,269900,270000,274950,275000,275000,279000,279900,279900,279000,285000,285000,284900,283750,281650,285000,286000,289900,295000,298000,299000,299900,299900,3.00E+05,3.00E+05,3.00E+05,299900,305000,310000,315000,319000,319900,319000,318500,320000,319000,319000,318000,315000,322000,325000,328250,329000,325000,324900,324900,325000,327000,329000,328000,325000,325000,325000,330000,330900,334500,330000,329900,329900,327600,329000,330000,330000,330000,330000
Maine,41,329000,325000,325000,329500,333960,339900,344000,349000,349000,349000,349000,339000,330500,338950,339000,329900,334900,334900,329900,329900,329900,330000,329900,329000,325000,329900,335000,337500,339000,338000,339900,339900,344000,335000,347750,347250,349000,346850,349000,349000,347500,348900,348900,349000,349200,349900,349900,349900,349500,349000,349000,350000,350000,356000,369000,369000,368300,369000,369500,369900,369000,364900,364900,374900,374900,375000,375000,374848.5,375000,376000,379000,379000,375000,369900,380000,385000,389900,395000,395000,399000,399900,4.00E+05,409900,399900,4.00E+05,4.00E+05,409900,419000,414000,419900,419900,419000,419900,419900,420000,429900,429900,430000,435000,438000,445000,439900,427625,429000,429900,439900,440000,449000,449500,449900,449900
Maryland,19,539900,535000,535000,535000,535452.5,530000,525000,5.00E+05,499999,509900,509866,499900,499900,499000,497000,499500,499366.5,499500,499000,499000,499000,498900,495000,489500,495000,494990,498000,499480,499900,499900,499900,499900,499900,5.00E+05,5.00E+05,499900,499000,499900,499999,510000,509900,512500,510000,5.00E+05,5.00E+05,508625,5.00E+05,497900,499900,499990,516362,520000,525000,525000,525000,519900,519900,524900,519990,515000,509900,509900,519900,524990,527990,529999.5,529900,529900,525900,529990,533240,525000,519000,525000,530000,545000,548428,545000,549900,545000,549000,539990,540000,540000,549000,549900,549990,559000,565923,569990,569990,571990,575000,574994.5,575000,569900,569000,571160.5,579000,581035.5,579900,579000,575000,574900,575000,575000,579000,576599.5,575000,575000,580000
Massachusetts,14,569900,569900,569000,565000,574900,569000,569000,559900,559000,559000,559000,550000,549900,550000,549900,559900,555000,550000,549000,549000,549000,549000,549000,549000,549000,549900,550000,550000,550000,549990,549900,549900,550000,554900,565000,565000,569000,575000,575000,575000,579000,579900,575000,575000,585000,589900,594887.5,595000,597500,599000,599706.5,599900,599000,599000,599000,599000,599900,599900,609900,599900,6.00E+05,619900,625000,625000,629000,635000,629000,629000,636000,649000,649000,649000,648888,649900,665000,662500,664500,669000,669900,669900,675000,679000,689000,690000,695000,699900,719000,699999,709947.5,719900,7.00E+05,699900,720000,729000,735000,729250,729000,739000,749900,749900,750000,759000,749900,749000,749900,749900,759000,750000,769000,777000,779900
Michigan,8,229000,225000,224900,224900,224900,224900,224900,220000,220000,220000,220000,219900,215000,219000,215000,214000,215000,217000,217183,217000,217900,217800,216900,219000,219500,219000,219900,219900,224900,225000,225000,225000,227900,229000,229900,230000,232800,234900,238000,239900,239900,245000,245000,250000,253450,250000,255900,255000,259900,259900,260000,267000,270000,274900,274900,274900,274900,275000,279000,279900,279900,283100,284900,289900,290000,289999,289900,289900,290000,295000,299000,299720,299900,299900,299900,3.00E+05,309900,309900,307700,309900,305000,309000,309900,309900,309900,310000,314900,320000,324900,325000,325000,325000,325000,325000,329000,329900,328000,331970,339000,337900,339900,340000,339900,339900,339900,339900,342200,342565,341300,348795,348955
Minnesota,21,359900,357900,354900,349990,350000,350000,350000,349900,347625,345900,339900,339900,339900,329900,329900,329500,325000,324900,324900,322000,325000,324900,324900,322900,319990,322945,319900,319900,319900,324000,324900,324900,329900,329900,338990,340990,340000,349000,346000,344900,348000,349000,349900,349900,359000,364900,369900,369900,374900,374500,375000,369900,369900,374900,374900,375000,375000,375000,378900,379900,379900,387900,385212.5,385000,389900,392000,395000,389900,394900,395000,396650,399900,399900,399900,399900,399900,399250,398000,399000,399900,4.00E+05,4.00E+05,415000,418990,419900,424990,420000,419900,419900,419900,419900,420000,420000,424250,424900,425000,429990,439000,434900,435000,430000,429900,429999.5,429900,430000,435000,439900,440990,439900,442900,441900
Mississippi,31,259900,259900,258000,249900,250000,250000,249900,249900,249500,249900,249999,249900,249900,248500,246900,245000,245000,248500,249000,249000,244500,239900,235000,235000,238900,235000,237000,234900,230000,235000,232900,231450,229900,229900,229900,229000,227000,225000,229000,225000,225000,226250,225900,227500,229000,229700,229900,229900,229900,229900,230000,234900,230000,230000,233000,236900,238900,237900,239000,239900,239900,238900,239800,239900,243000,244900,242355.5,240000,244900,243900,243400,239900,240000,245000,249900,249900,249954.5,254900,252000,252825,254900,254900,256900,259000,259900,263950,265000,261787.5,264900,267000,265000,265000,268950,267400,269563,272483,274900,275001.5,274900,275900,276900,279900,279950,279900,280000,284900,285900,287900,285000,287900,289000
Missouri,18,285000,282500,279000,275000,279900,279500,279900,279000,279000,275267.5,275000,274850,270000,269900,269900,269500,269900,269500,268900,265000,264900,262000,259900,259900,257100,258700,259000,259000,258000,259000,255000,250900,254500,254925,255000,254600,254700,255000,259000,257925,259900,260000,262500,260000,262850,259900,262900,260000,259950,264900,267900,269000,270000,270000,271593,270000,272950,274950,275000,274900,272900,274900,279000,279900,284900,284962.5,284900,285000,289000,289950,290900,293692.5,290000,295000,295000,299000,299000,299900,299900,299900,299900,299900,299950,299950,299900,301900,304970,314900,315000,315000,314900,315000,316480,317000,318900,319900,319900,320000,320000,325000,325000,329000,329000,329000,329900,330000,332500,336100,335000,339000,339900
Montana,44,475000,469900,450000,449000,449000,449000,449900,445000,445000,434900,449000,450000,455000,459000,449500,439000,427250,435950,439000,429900,429000,429900,445000,445000,449500,449000,445000,450000,440000,439000,449000,449000,450000,455000,459825,475000,469000,460000,479000,449000,448400,450000,449000,449900,450000,454950,449250,459000,460000,449900,449900,440000,439950,434900,437500,439000,444900,449900,450000,455000,464900,469250,445000,449500,460000,459700,465000,459900,464900,469900,465000,469900,459900,459900,459000,450000,465000,474900,469900,475000,479000,475000,475000,487500,485497.5,479500,465000,459999,459000,465000,474950,474000,475000,478000,489900,497000,494900,490000,495000,499000,499000,509000,510000,519900,529000,529900,549900,559000,567000,575000,575000
Nebraska,38,250000,252700,251435,254500,258000,258000,257300.5,256000,252702.5,250000,250000,248136,248350,248504,245117,245000,248000,245000,245000,249000,247999,249000,249999,250000,250000,249900,249925,250000,250643,254975,254900,255000,255000,256500,256700,260000,263900,264925,261900,264900,264990,269400,270000,270000,274500,275000,279000,280300,283952.5,284900,283952.5,285000,286375,284289,281345,284061,285000,289900,293100,298500,295000,299000,295000,299000,299900,3.00E+05,3.00E+05,299900,299900,3.00E+05,305184,310000,309950,317500,315000,312375,317500,318000,319000,319000,319950,321470,324900,329900,330000,330000,329000,329000,329900,329900,329000,331427,336525,336900,339000,345000,339000,346000.5,344900,347308.5,345000,340000,342000,339000,344900,345000,346119,349000,345000,348900,348500
Nevada,35,349900,349000,339900,335000,334900,329900,330000,325000,324900,310000,3.00E+05,299900,299000,299000,299000,290000,285000,285900,289400,284900,285994.5,280950,275000,274900,277900,278995,279995,285000,289950,290000,295000,299000,299900,309000,309900,315000,310745,315000,320000,325000,326316,329970,336975,339586,339995,344000,345050,349900,349000,349900,350000,359900,369000,370000,375000,375000,375000,375000,375000,375000,375000,375000,379900,389500,388000,389000,389900,394500,395000,389900,394900,397900,395000,398880,398884,4.00E+05,405000,410000,415000,417804.5,419999,420000,425000,426291.5,425000,425024,425000,429000,435000,443430,449000,450000,452660.5,455990,464945,465000,464995,470000,474900,479000,482992.5,489000,495000,499900,499000,499000,5.00E+05,5.00E+05,499899,499000,499000
New Hampshire,42,4.00E+05,399900,399900,399000,396250,395000,397000,397000,398999.5,389000,379900,384900,385000,379900,379000,375000,369700,368500,365000,359900,359900,358755,359157.5,359900,359900,359900,369000,369000,369000,364500,365250,367900,369000,369000,369000,369900,365000,368000,365000,365000,365000,360000,359700,359900,359900,364500,369000,365000,362900,369000,369900,369900,369000,369900,369000,369000,369900,375000,379900,379000,379900,379900,379900,379900,385000,384900,389000,389000,389000,389900,399000,398950,395000,397500,398000,399000,399500,399000,399900,399900,399900,399000,399900,419000,419000,415000,419949.5,419900,419000,419900,419900,419900,425000,425000,434875,439000,439400,429900,439000,439000,445000,439000,444900,439900,439900,439950,449900,450000,459000,459950,459900
New Jersey,11,647900,639900,638000,629900,629900,629000,629000,627500,625000,625000,625000,619000,610000,6.00E+05,599999,599900,599900,599000,599000,599000,599000,599000,599000,599000,599000,599000,599000,599000,599900,599000,599000,599000,599000,599900,599750,599000,599000,599000,599000,599900,599999,6.00E+05,609000,610000,614900,620000,625000,625000,625000,629900,629900,635900,639000,635000,635000,629900,635000,649900,649900,649900,649000,649900,649000,649900,659000,659000,660000,659900,668000,669400,675000,675000,675000,679000,685000,684000,689900,695000,699000,695000,699000,699000,699000,699000,699000,699000,699900,710000,714900,715990,719000,724500,725000,729000,730000,739000,735000,745000,749000,749000,749000,749900,749000,749000,749000,749900,749900,749900,749900,750000,759000
New Mexico,36,425000,420000,399999,409950,419000,407000,4.00E+05,399900,399900,399900,398000,390000,385638.5,392900,379003,380000,380000,379000,384900,385000,385000,391500,395000,392250,390000,379900,379000,379900,380000,384020,380000,379250,379950,379000,379000,369304,359000,359000,359900,359000,364999.5,368000,368500,370000,375000,375000,374999.5,369110,359900,354637,357050,355000,359000,357995,360000,360000,360000,359000,359000,364450,357925,357475,355000,355000,360595,365000,369000,374995,370000,375000,375000,365000,354760,364000,365000,365000,375000,375000,375000,375000,375000,365000,360000,369000,365000,365000,359900,359900,359950,370000,370000,375000,375000,375000,370000,375000,374900,369000,369000,365000,373250,375000,375000,375000,385000,393995,390000,387552,385000,381220,379900
New York,3,629000,624998,625000,615000,620000,617310,619000,599999,619000,624000,625000,619999.5,619000,599000,6.00E+05,599900,599000,597750,595000,589900,589000,595000,599000,599000,599000,599000,599000,599900,599900,599000,599000,599000,6.00E+05,624000,609000,625000,630000,639000,649000,629000,620000,599000,599000,595000,599000,599000,640000,649000,650000,659000,650000,650000,665000,679000,659000,669000,675000,699000,699000,720000,739500,728000,709000,699000,699000,695000,689000,679000,695000,699900,715000,725500,779000,795000,759000,785000,749000,749000,720000,719000,735000,749000,765000,775000,789250,799000,799000,799000,789000,769000,750000,749000,765000,775000,795000,799000,817995,850000,849000,835000,820000,799000,795000,780000,799000,799900,819000,835000,849000,849000,850000
North Carolina,10,349900,349000,348925,345000,339900,339000,339000,334900,329900,330000,332000,329000,325000,324900,320990,324000,324500,320000,319900,319500,319000,315000,313472.5,309900,309999,309900,309900,314900,310000,312092.5,310000,310000,310000,311967,310000,309900,308000,309000,310000,315000,315000,319000,319900,319000,319900,320000,319000,310000,318000,322400,325000,329000,329900,329500,329900,329990,329900,329900,329900,329900,329900,329000,330300,339500,343000,345000,345000,349000,349000,349900,349500,349000,349000,350000,355619.5,359500,359900,359900,360000,362880,364900,368000,365000,365000,365000,367900,369900,375000,379000,379500,380000,379780,379000,379990,379900,379900,379997,385000,387850,389000,389500,389990,389900,389500,390999.5,390000,394900,395000,392220,389900,395000
North Dakota,48,250000,249900,249900,249900,249900,259900,259900,259900,259900,264900,264900,264900,264900,269000,269450,269900,272945,274900,279000,274900,274900,274900,275000,279900,283000,284900,284700,286450,283000,294700,295500,289900,289900,289900,289900,295400,294900,289900,294400,299900,3.00E+05,312000,314900,315000,319900,315000,319900,324950,327900,325000,317400,319900,320000,325000,326900,329900,334900,337900,329900,344500,349900,349900,349900,350000,350000,349900,349900,349900,350000,350000,349900,349900,349900,349900,354900,358498,354900,350000,349900,349900,349900,349900,349900,349900,354900,354950,359000,355000,359900,359900,359900,360000,359999,359990,359945,364900,360000,359900,360000,359900,360500,364900,365450,369900,369900,369900,374900,375000,374999.5,379900,384000
Ohio,7,243120,243900,241900,244900,245000,245000,245000,240000,239900,239900,239900,238900,235900,238900,235000,235000,235000,234900,234000,229990,229900,230000,233552.5,229900,229900,230000,230900,233900,234800,234900,234000,230100,231000,233999.5,234900,234900,236990,239500,239900,239900,239900,239900,239990,240000,244900,239900,249000,249000,249500,249999,250000,249900,250000,256000,256000,255000,256000,259500,259900,260000,262000,264990,265000,265000,267700,269776,269900,269900,271900,273000,274000,274000,274900,278900,278900,279900,280000,282000,284500,282992.5,284990,285000,289000,289900,289900,293247.5,293000,295900,299000,299000,297990,297000,297000,296990,299000,299900,3.00E+05,304989.5,309000,309900,310000,312500,310000,310000,310990,314900,315000,319725,320000,324999,325000
Oklahoma,28,230000,229900,229900,227799,227000,225000,225000,224900,221000,222407,219999,219500,219000,219600,216900,219850,221949.5,220000,219990,220000,220000,220500,224600,224900,224900,224809,224900,224994.5,224990,224900,224900,223495,220000,222990,224900,224900,224994.5,224000,225000,225000,225000,224777,225000,227000,228500,228000,229900,226000,229500,229500,229000,232000,234590,235000,235000,235000,235899,238500,235000,237000,239500,239900,242786,245000,246775,249000,249900,249900,249000,249900,249900,249900,249900,254875,249900,252950,259000,259900,259900,263159,261788,264000,261990,261920,267000,268750,269000,270000,272496,273500,270990,269900,272825,271500,273500,275950,275990,279000,279940,281825,279900,282840,279900,279900,279900,279900,280000,281340,285000,285000,286260
Oregon,27,402000,399900,399900,399900,399900,399000,399000,399000,399000,392500,395000,387000,384900,379000,375000,375000,376700,376500,375000,375900,379000,379000,375000,379000,379900,375000,375000,375000,375000,375000,377500,379000,379000,379950,384900,385000,386500,385000,389900,394900,394500,398000,399000,399000,399500,399900,399900,399992.5,399970,409000,414900,419700,419925,424900,425000,425000,425000,425000,425175,429950,429950,435000,439900,440000,449000,449500,449999,450000,459900,465000,469000,469950,470200,479000,480250,489000,494900,498950,499000,499643,499900,509900,515000,525000,525000,529950,530000,539900,544450,548900,549000,549000,549900,549900,549900,549900,549900,550000,559900,573450,569500,574500,569900,569995,574900,577400,575000,575000,575000,579000,579000
Pennsylvania,6,339900,339763.5,339470,335000,337000,335000,333900,330000,329900,329900,329000,325000,325000,322850,320000,324900,324900,319900,319281,317775,314900,310000,309996,310000,310188.5,313614.5,314900,312500,310000,309900,308900,3.00E+05,299990,3.00E+05,3.00E+05,299990,3.00E+05,309000,314000,314795.5,317387,319900,315000,309900,311058,312957,317000,316990,315000,300478,314276,315000,315000,318214,310000,310000,315000,314900,314999,314900,309995,310000,319900,323999,325000,325000,325000,324990,319999.5,327900,329000,328355,325000,329900,329900,339000,339000,330000,334100,329900,330000,329000,334900,334900,334498.5,337257.5,329900,331062.5,340990,344626,340000,339900,343639.5,347990,348900,346000,347900,349900,350000,350000,350000,355000,359000,355000,359000,359900,360000,359900,360483.5,365000,370000
Rhode Island,43,479400,469000,465000,464900,469900,475000,473000,475000,459900,449900,449900,450000,449900,450000,449250,449000,439900,439900,439900,439000,439900,439000,439000,435000,444000,449000,445000,440000,445000,429900,439900,449000,449900,459000,459000,449900,449900,449000,449000,449000,449000,449900,452775,459000,459900,472500,475000,479000,470000,465000,462100,459900,464000,465000,474000,469000,474900,475000,475000,479900,479900,479900,479000,471000,474900,475000,479000,479000,479900,479900,489000,489000,495000,499000,489950,489900,492000,495000,495000,499000,495500,499875,499900,511000,524700,509900,499900,499900,511500,519000,525000,524900,529000,525000,539450,540000,547450,545000,549900,550000,549900,558500,559900,550000,567000,555000,554950,559990,569000,569000,567499.5
South Carolina,24,379000,370000,369500,359000,350000,349900,349900,349000,349738.5,339999,339900,335995,329900,335000,329900,327950,325000,325000,324921,329000,319900,319000,320000,3.00E+05,319900,319000,319500,314900,314000,310000,309900,310750,315000,315000,309900,309900,303135,308000,308950,309000,301000,304900,309000,309900,310922.5,311283.5,318900,317729.5,319000,317696,316550,320000,324900,322000,319900,319990,323990,329000,324700,329900,325000,328000,333145,337233,334900,337900,336900,339900,339000,339900,339898,339000,339900,349500,349900,349500,350000,349900,351945,359900,364847.5,364338,350952.5,354900,360000,364999,365900,369000,366990,365000,366003,367500,370000,373990,365000,366900,359500,368900,375000,378900,387990,381950,380000,379900,382900,381000,385000,385000,383351,389000,379900
South Dakota,46,299900,299900,299900,299900,309900,314900,317900,319000,319900,319000,319900,318750,319000,319000,315000,319000,315900,319900,319000,319900,316900,309500,299900,299900,299000,299000,299000,299900,295500,299350,299700,299950,309900,299900,312900,299900,310000,299949.5,299000,299000,299500,3.00E+05,324900,329900,324900,324950,329900,326500,319900,318350,313500,321450,319000,319500,325000,339000,339900,339900,339950,349450,336500,339900,325000,319900,329450,329900,329900,330000,333950,329450,327450,339900,342250,339000,345000,349900,349000,338000,339000,339000,347450,345450,349900,359000,349900,347975,349900,348950,349900,349850,349900,369000,369900,359900,359900,359000,359900,358000,350000,352900,358500,359000,360000,359900,354950,354900,349900,359900,354900,359900,354900
Tennessee,17,286950,284900,282000,279900,280000,279931.5,280000,279900,279900,279900,279900,279250,275000,275000,275000,275000,275000,274900,274900,270000,269900,269900,269900,269900,267900,265900,265900,269000,269900,269900,269900,269900,269900,269900,269900,269900,269900,269990,274900,275000,279000,279000,279900,279000,279000,279900,279900,279988.5,279900,284900,288900,289900,292500,290900,289900,290000,295000,299500,299000,299000,299750,299900,293900,298000,299900,299900,299900,299900,302500,299900,309900,310000,314000,311995,318000,324900,325000,329000,330000,329900,334900,336500,339000,339875,339900,344900,349000,349900,350000,355000,355000,354900,359900,359900,365000,362000,359992.5,365000,368143,370000,373970,375000,374712,374900,375000,379900,383900,384900,384900,388817.5,389900
Texas,2,319900,319900,319000,319000,319000,319000,315000,313835,308000,306990,305000,299990,299900,299900,299900,299999,3.00E+05,299900,299990,299950,299500,299000,299500,299000,299000,299000,299900,3.00E+05,305000,307500,305000,304900,308900,308600,309900,314000,310000,310000,315000,319900,319990,321990,324900,325000,327342,328303.5,329000,329900,329900,334900,334900,341035.5,342500,342500,347711,349000,349900,350000,351720,360000,361815,364202.5,367733,369500,369000,369990,369900,370000,372900,375000,374990,378990,379602.5,380000,383990,385000,385633,385000,385000,388900,389000,389000,388682,389000,388000,389900,394950,398000,399000,399000,399000,395000,395000,394999,392000,391990,395000,395000,399000,399999,404990,403900,402500,4.00E+05,4.00E+05,403303.5,403000,404900,403900,408011.5,410473.5
Utah,34,430272,429000,419900,419000,399900,399000,399900,399000,395000,385000,394200,385000,379900,384800,375000,374900,370000,370000,375000,375000,374900,370000,375000,375000,379900,379900,375000,375000,375000,379500,380000,380000,390000,394500,398000,399949.5,400750,399900,399900,415000,399900,399993,410000,409900,414900,415000,414900,419900,419000,421000,414900,415000,417945,425000,424900,425000,429900,429900,429900,439000,439900,439000,439000,449000,454000,459900,460000,464900,465000,469900,469000,479894,479000,489000,490000,485000,495000,489000,479900,480924.5,499000,499900,499900,513000,519900,511000,504993.5,499900,499900,5.00E+05,513900,519900,524900,517700,503990,518900,515000,529000,525000,529000,532450,539900,549900,550000,569000,565000,574900,586900,589900,594000,594000
Vermont,49,386500,389000,379000,379000,375000,380000,379900,372500,370000,374950,375500,375000,369250,374900,373000,369900,369000,369250,369000,369000,363711.5,360000,362950,359000,359000,355000,355000,349900,349900,349900,349999,350000,350000,355500,359900,359750,359600,359550,359900,359900,359000,359000,360000,359900,359900,360350,360000,365000,369000,359000,369900,365684.5,369000,374700,373450,365950,365000,369900,369900,374000,374900,375000,375000,375000,375000,375615,375000,379000,378750,379000,375000,379900,379000,379000,375000,375000,379000,379900,383450,379900,379900,384500,389000,395000,395000,394900,389900,392000,395000,395000,397000,395000,399500,399900,405000,420500,425000,419000,405000,399900,399500,399900,419000,414350,425000,425000,429000,430000,429900,432500,435000
Virginia,12,440000,439900,443125,447500,441647.5,439000,439000,429900,439000,435000,429900,425000,422200,425000,429900,439000,439900,439900,439900,439000,439000,439000,425000,419000,419990,425000,424900,439990,447900,449000,449000,439900,438500,425000,425000,4.00E+05,4.00E+05,417980,429900,425000,450000,455000,444900,445000,435100,439000,438000,429950,419999,425000,435000,449900,469950,475000,462765,469950,479000,477387,470000,459000,449900,459950,479900,499000,499900,5.00E+05,499900,490000,495000,498000,489900,474900,459000,439900,489950,509900,510000,509000,499000,485000,494500,495000,489900,475000,465000,475000,495726,5.00E+05,5.00E+05,499900,489900,479950,479900,495000,499000,476835,469990,488865,499900,519000,514500,514900,507400,499000,504900,509900,5.00E+05,495000,484500,495000,507900
Washington,13,499000,499000,499000,489999,489900,484997.5,480000,479500,475000,474950,475000,464500,450000,449950,449000,449000,440000,440000,439900,439000,438000,435000,429950,427500,425000,425000,432500,435000,434000,435108.5,435000,435000,435000,439950,439000,435000,434800,439950,449000,449950,450000,457000,468000,468010,469950,474899.5,472000,470000,470000,475000,479900,485950,498000,495000,495000,495000,499000,499000,498500,499000,499000,499900,5.00E+05,515000,525000,528950,529000,529950,535000,539950,540000,549000,545000,549900,550000,559000,564950,579000,585000,584990,599000,599900,599900,599000,599950,6.00E+05,619900,629900,649000,650000,650000,649950,659950,659900,650000,650000,650000,669870,684950,689000,699911.5,7.00E+05,719000,7.00E+05,715845,720000,728000,725000,729950,739950,749000
West Virginia,37,220000,221000,219900,217900,219900,219900,219000,219900,219900,219999.5,219950,219000,217750,219000,219000,219900,219900,224000,224900,224900,220000,219900,219900,219000,219900,219150,219900,219900,225000,224900,225000,225000,224900,219900,224900,220000,224900,225000,224499,225000,226500,224900,225000,224900,224950,224900,224900,224900,225000,224900,225000,229000,229999.5,229900,229900,229900,230000,229900,229000,229212.5,225000,229900,234788.5,230000,229000,225000,229000,220000,224000,224900,225000,225000,225000,224000,229000,229000,230000,229950,229000,229000,229000,229000,229999,229999,230000,229900,234900,239000,239000,235900,232250,229900,229900,229900,229900,229900,229900,235000,239000,239900,239900,244000,243000,239900,240000,245000,244800,244900,249000,245999,244900
Wisconsin,20,305000,3.00E+05,299900,299900,299900,299900,299900,299900,299900,299000,298900,294500,289900,289900,289900,289000,287500,289000,289000,285000,280000,279900,279900,279900,279900,279900,279900,279000,275000,279900,279900,279900,279900,279900,279900,279900,279900,279900,279900,285000,284900,285000,289750,289900,289900,289900,289900,289900,289900,289900,289900,294900,295000,299000,299900,299900,299900,299900,299900,299900,299900,299900,3.00E+05,309900,310000,319500,319900,319900,320000,319900,324900,325000,325000,324990,324990,328900,329000,329900,329900,329900,329900,334900,338900,339500,339900,344900,340900,345000,347900,345000,349900,349900,349900,350000,352900,350000,356900,359900,359990,364900,364900,368490,365000,365000,369000,369900,370000,375000,378900,379900,379900
Wyoming,51,335000,334000,332900,329950,330000,338250,337500,335000,338250,336250,339000,335750,334750,340000,339950,347750,349900,349900,349900,350000,349900,345000,345000,349900,349900,349900,350000,350000,347000,349000,349000,347000,349000,349900,349900,350000,349900,349900,348900,349900,348950,342450,349900,345000,345000,339900,330000,335000,337655,338405,345000,345900,345600,349500,349500,349000,358250,365000,365000,359900,365000,366450,365000,360000,365450,365900,366200,364900,366250,369987.5,375000,375000,378900,379700,378450,379900,379900,379150,369950,369900,369900,374300,374700,379655,374900,369900,369900,374950,375000,375000,377500,380000,384161.5,380500,386000,390000,389900,390000,390000,390000,390000,393095,396950,399900,399900,404950,399949.5,401730,409000,409800,410000
